USE [daem_hualpen]
GO

-- Inserting data into 'establecimientos' table
INSERT INTO [dbo].[establecimientos] ([rbd], [nombre], [direccion], [region], [comuna], [fecha_aniversario], [correo_electronico], [pagina_web], [numero_telefonico], [zona_horaria])
VALUES 
(123456, 'Colegio Hualpén', 'Avenida Los Carrera 123', 'Biobio', 'Hualpén', '2000-05-08', 'contacto@colegiohualpen.cl', 'www.colegiohualpen.cl', '123456789', 'GMT-4'),
(987654, 'Colegio Concepción', 'Calle Colo Colo 456', 'Biobio', 'Concepción', '2001-08-15', 'contacto@colegioconcepcion.cl', 'www.colegioconcepcion.cl', '987654321', 'GMT-4'),
(234567, 'Colegio Temuco', 'Avenida Alemania 789', 'La Araucanía', 'Temuco', '1995-12-20', 'contacto@colegiotemuco.cl', 'www.colegiotemuco.cl', '234567890', 'GMT-3'),
(345678, 'Colegio Los Ángeles', 'Calle Independencia 789', 'Biobio', 'Los Ángeles', '1990-10-12', 'contacto@colegiolosangeles.cl', 'www.colegiolosangeles.cl', '345678901', 'GMT-4'),
(456789, 'Colegio San Miguel', 'Avenida Libertad 456', 'Biobio', 'San Miguel', '1985-07-30', 'contacto@colegiosanmiguel.cl', 'www.colegiosanmiguel.cl', '456789012', 'GMT-4'),
(567890, 'Colegio Temuco Norte', 'Calle O´Higgins 123', 'La Araucanía', 'Temuco', '1998-04-25', 'contacto@colegiotemucanorte.cl', 'www.colegiotemucanorte.cl', '567890123', 'GMT-3');

-- Inserting data into 'cursos' table
INSERT INTO [dbo].[cursos] ([id_curso], [nivel_ensenanza], [nivel], [letra], [jornada], [capacidad], [local], [numero_sala], [apodo], [establecimiento_id])
VALUES 
(1, 'media', 'cuarto', 'a', 'diurna', 30, 'edificio A', '101', 'c4a', 123456),
(2, 'media', 'tercero', 'b', 'diurna', 25, 'edificio B', '201', 't3b', 987654),
(3, 'media', 'segundo', 'c', 'vespertina', 20, 'edificio C', '301', 's2c', 234567),
(4, 'básica', 'quinto', 'a', 'diurna', 28, 'edificio D', '401', 'b5a', 345678),
(5, 'media', 'primero', 'a', 'vespertina', 22, 'edificio E', '501', 'm1a', 456789),
(6, 'media', 'cuarto', 'b', 'diurna', 30, 'edificio F', '601', 'c4b', 567890),
(7, 'básica', 'sexto', 'b', 'diurna', 29, 'edificio G', '701', 'b6b', 345678),
(8, 'media', 'segundo', 'd', 'vespertina', 23, 'edificio H', '801', 'm2d', 456789),
(9, 'media', 'quinto', 'c', 'diurna', 31, 'edificio I', '901', 'c5c', 567890),
(10, 'media', 'primero', 'a', 'diurna', 28, 'edificio J', '1001', 'm1a', 123456),
(11, 'básica', 'cuarto', 'b', 'diurna', 27, 'edificio K', '1101', 'b4b', 987654),
(12, 'media', 'tercero', 'c', 'vespertina', 24, 'edificio L', '1201', 't3c', 234567),
(13, 'media', 'primero', 'd', 'diurna', 29, 'edificio M', '1301', 'm1d', 345678),
(14, 'básica', 'quinto', 'a', 'diurna', 26, 'edificio N', '1401', 'b5a', 456789);

-- Inserting data into 'estudiantes' table
INSERT INTO [dbo].[estudiantes] ([run_estudiante], [nombre], [apaterno], [amaterno], [numero_matricula], [fecha_matricula], [fecha_nacimiento], [pais_nacimiento], [genero], [direccion], [comuna], [correo_electronico], [telefono], [celular], [colegio_procedencia], [nombre_contacto_emergencia], [telefono_emergencia], [vive_con], [cantidad_computadores_casa], [religion], [acepta_clases_religion], [beca], [estatura], [peso], [grupo_sanguineo], [alergias_alimentos], [alergias_medicamentos], [medicamentos_contraindicados], [enfermedades_cronicas], [vacuna_covid], [cantidad_vacunas_covid], [esquema_completo_vacunacion_covid], [fecha_ultima_vacuna_COVID], [apto_educacion_fisica], [sistema_prevision], [seguro_escolar_privado], [nacionalidad], [etnia], [consultorio_clinica], [observaciones_medicas], [estado], [establecimiento_id], [curso_id])
VALUES 
('12345688-9', 'juan', 'perez', 'gomez', '123ABC', '2020-03-01', '1998-05-15', 'Chile', 'masculino', 'calle falsa 123', 'santiago', 'juanp@example.com', '2222222', '999999999', 'Colegio Nacional', 'ana', '7777777', 'con su familia', 2, 'catolica', 1, 'si', 170, 70.5, 'A+', 'mariscos', 'ninguna', 'ninguno', 'ninguna', 1, 2, 1, '2023-06-01', 1, 'fonasa', 1, 'chileno', 'blanco', 'consultorio1', 'ninguna', 1, 123456, 1),
('98765433-1', 'maria', 'lopez', 'gonzalez', '456DEF', '2019-05-20', '2000-07-20', 'Chile', 'femenino', 'avenida real 456', 'concepcion', 'marial@example.com', '3333333', '888888888', 'Colegio San Jose', 'pedro', '8888888', 'con su familia', 1, 'cristiana', 1, 'no', 160, 55.0, 'O-', 'nueces', 'ninguna', 'ninguno', 'ninguna', 0, 0, 0, NULL, 1, 'isapre', 0, 'chilena', 'mestiza', 'consultorio2', 'ninguna', 1, 987654, 2),
('23556789-0', 'pedro', 'gomez', 'rodriguez', '789GHI', '2021-02-10', '2003-03-10', 'Chile', 'masculino', 'carrera 321', 'temuco', 'pedrog@example.com', '4444444', '777777777', 'Colegio San Marcos', 'juan', '5555555', 'con su familia', 2, 'ninguna', 0, 'no', 175, 65.0, 'B-', 'gluten', 'ninguna', 'ninguno', 'ninguna', 1, 2, 1, '2023-12-01', 1, 'fonasa', 1, 'chileno', 'mapuche', 'consultorio3', 'ninguna', 1, 234567, 3),
('45670201-2', 'Carlos', 'González', 'Hernández', '456WXY', '2020-02-15', '2007-07-10', 'Chile', 'masculino', 'Avenida Libertad 123', 'San Miguel', 'carlos@example.com', '6666666', '222222222', 'Colegio San Miguel', 'María', '22222222', 'con su familia', 2, 'ninguna', 0, 'no', 160, 55.0, 'B-', 'frutas', 'ninguna', 'ninguno', 'ninguna', 1, 2, 1, '2023-11-01', 1, 'fonasa', 1, 'chileno', 'mestizo', 'consultorio5', 'ninguna', 1, 456789, 5),
('567843012-3', 'Laura', 'Díaz', 'López', '789UVW', '2019-11-20', '2006-03-20', 'Chile', 'femenino', 'Calle Temuco 321', 'Temuco', 'laura@example.com', '7777777', '333333333', 'Colegio Temuco Norte', 'Juan', '33333333', 'con su familia', 1, 'católica', 1, 'no', 150, 45.0, 'O+', 'mariscos', 'ninguna', 'ninguno', 'ninguna', 1, 1, 1, '2023-10-01', 1, 'fonasa', 1, 'chilena', 'mapuche', 'consultorio6', 'ninguna', 1, 567890, 6),
('67890023-4', 'Daniel', 'Rodríguez', 'Martínez', '789PQR', '2018-11-10', '2007-01-05', 'Chile', 'masculino', 'Calle Secundaria 456', 'San Miguel', 'daniel@example.com', '7777777', '444444444', 'Colegio San Miguel', 'Ana', '33333333', 'con su familia', 1, 'católica', 1, 'no', 160, 50.0, 'A-', 'mariscos', 'ninguna', 'ninguno', 'ninguna', 1, 1, 1, '2023-09-01', 1, 'fonasa', 0, 'chileno', 'mapuche', 'consultorio7', 'ninguna', 1, 456789, 8),
('78901334-5', 'Laura', 'Pérez', 'Sánchez', '890STU', '2020-05-15', '2009-08-20', 'Chile', 'femenino', 'Avenida Principal 789', 'Los Ángeles', 'laura@example.com', '8888888', '555555555', 'Colegio Los Ángeles', 'Carlos', '44444444', 'con su familia', 2, 'ninguna', 0, 'no', 155, 45.0, 'AB-', 'leche', 'ninguna', 'ninguno', 'ninguna', 1, 2, 1, '2023-08-01', 1, 'isapre', 1, 'chilena', 'mestiza', 'consultorio8', 'ninguna', 1, 345678, 7),
('89012375-6', 'Carlos', 'García', 'López', '901UVW', '2019-10-20', '2008-03-10', 'Chile', 'masculino', 'Calle Temuco 123', 'Temuco', 'carlos@example.com', '9999999', '666666666', 'Colegio Temuco Norte', 'Laura', '55555555', 'con su familia', 1, 'católica', 1, 'no', 150, 55.0, 'O-', 'nueces', 'ninguna', 'ninguno', 'ninguna', 1, 1, 1, '2023-05-01', 1, 'fonasa', 0, 'chileno', 'mapuche', 'consultorio9', 'ninguna', 1, 567890, 9),
('90123459-7', 'Ana', 'Fernández', 'García', '901XYZ', '2019-07-10', '2010-04-15', 'Chile', 'femenino', 'Avenida Central 123', 'Viña del Mar', 'ana@example.com', '10101010', '111111111', 'Colegio Viña', 'Juan', '12121212', 'con su familia', 2, 'ninguna', 0, 'no', 145, 40.0, 'A+', 'lactosa', 'ninguna', 'ninguno', 'ninguna', 1, 1, 1, '2023-07-01', 1, 'fonasa', 0, 'chilena', 'blanca', 'consultorio10', 'ninguna', 1, 567890, 13),
('01234568-8', 'Sofía', 'Martínez', 'Hernández', '012ABC', '2021-01-20', '2011-10-20', 'Chile', 'femenino', 'Calle Principal 456', 'La Serena', 'sofia@example.com', '13131313', '141414141', 'Colegio Serena', 'David', '15151515', 'con su familia', 1, 'católica', 1, 'si', 155, 45.0, 'AB-', 'mariscos', 'ninguna', 'ninguno', 'ninguna', 1, 1, 1, '2023-12-01', 1, 'isapre', 1, 'chilena', 'mestiza', 'consultorio11', 'ninguna', 1, 123456, 10),
('12345570-0', 'Diego', 'López', 'Rodríguez', '123DEF', '2018-08-15', '2010-12-10', 'Chile', 'masculino', 'Avenida Secundaria 789', 'Punta Arenas', 'diego@example.com', '16161616', '171717171', 'Colegio Punta', 'María', '18181818', 'con su familia', 2, 'ninguna', 0, 'no', 160, 55.0, 'O-', 'nueces', 'ninguna', 'ninguno', 'ninguna', 1, 2, 1, '2023-10-01', 1, 'fonasa', 0, 'chileno', 'mapuche', 'consultorio12', 'ninguna', 1, 234567, 11),
('34527890-1', 'Luis', 'González', 'Martínez', '345GHI', '2022-02-28', '2012-08-25', 'Chile', 'masculino', 'Calle 123', 'Santiago', 'luis@example.com', '19191919', '202020202', 'Colegio Santiago', 'Pedro', '21212121', 'con su familia', 3, 'católica', 1, 'si', 160, 50.0, 'A-', 'gluten', 'ninguna', 'ninguno', 'ninguna', 1, 1, 1, '2024-03-15', 1, 'isapre', 1, 'chileno', 'mestizo', 'consultorio13', 'ninguna', 1, 234567, 10),
('45676901-2', 'Carolina', 'Hernández', 'Pérez', '456JKL', '2020-05-15', '2013-10-30', 'Chile', 'femenino', 'Avenida Central 456', 'Viña del Mar', 'carolina@example.com', '22222222', '232323232', 'Colegio Viña del Mar', 'Andrés', '24242424', 'con su familia', 2, 'ninguna', 0, 'no', 155, 45.0, 'B+', 'mariscos', 'ninguna', 'ninguno', 'ninguna', 1, 1, 1, '2024-05-10', 1, 'fonasa', 0, 'chilena', 'blanca', 'consultorio14', 'ninguna', 1, 567890, 13),
('56749012-3', 'Javier', 'Suárez', 'Gómez', '567MNO', '2019-10-10', '2011-12-05', 'Chile', 'masculino', 'Calle Principal 789', 'Temuco', 'javier@example.com', '25252525', '262626262', 'Colegio Temuco', 'Ana', '27272727', 'con su familia', 3, 'ninguna', 0, 'no', 170, 60.0, 'AB+', 'nueces', 'ninguna', 'ninguno', 'ninguna', 1, 2, 1, '2024-01-20', 1, 'fonasa', 1, 'chileno', 'mapuche', 'consultorio15', 'ninguna', 1, 234567, 11),
('67390124-4', 'Camila', 'Rodríguez', 'Fernández', '678PQR', '2021-03-20', '2012-07-10', 'Chile', 'femenino', 'Avenida Central 789', 'La Serena', 'camila@example.com', '28282828', '292929292', 'Colegio Serena', 'Juan', '30303030', 'con su familia', 2, 'católica', 1, 'si', 165, 55.0, 'A-', 'lactosa', 'ninguna', 'ninguno', 'ninguna', 1, 1, 1, '2024-04-05', 1, 'isapre', 1, 'chilena', 'mestiza', 'consultorio16', 'ninguna', 1, 123456, 10),
('78901237-5', 'Manuel', 'Martínez', 'López', '789STU', '2020-12-10', '2013-05-20', 'Chile', 'masculino', 'Avenida Central 123', 'Punta Arenas', 'manuel@example.com', '31313131', '323232323', 'Colegio Punta Arenas', 'María', '33333333', 'con su familia', 3, 'ninguna', 0, 'no', 175, 65.0, 'O+', 'mariscos', 'ninguna', 'ninguno', 'ninguna', 1, 1, 1, '2024-02-18', 1, 'fonasa', 0, 'chileno', 'blanco', 'consultorio17', 'ninguna', 1, 987654, 13);
-- Inserting data into 'apoderados' table
INSERT INTO [dbo].[apoderados] ([run_apoderado], [estudiante_id], [numero_documento], [nombres], [apaterno], [amaterno], [pasaporte], [parentesco], [tipo_apoderado], [fecha_nacimiento], [domicilio], [comuna], [nivel_educacion], [ocupacion], [telefono], [celular], [correo_electronico], [es_tutor], [acepta_manual_convivencia_escolar], [autorizacion_fotografia_grabacion], [autorizado_retirar_establecimiento])
VALUES 
('12345678-9', '12345688-9', 987654321, 'juan', 'perez', 'apoderado', NULL, 'padre', 'legal', '1970-01-01', 'calle falsa 123', 'santiago', 'universitario', 'profesional', '2222222', '999999999', 'juanp@example.com', 1, 1, 1, 1),
('98765432-1', '98765433-1', 123456789, 'maria', 'lopez', 'apoderado', NULL, 'madre', 'legal', '1975-03-05', 'avenida real 456', 'concepcion', 'universitario', 'profesional', '3333333', '888888888', 'marial@example.com', 0, 0, 0, 0),
('23456789-0', '23556789-0', 987654321, 'pedro', 'gomez', 'apoderado', NULL, 'padre', 'legal', '1968-07-10', 'carrera 321', 'temuco', 'tecnico', 'tecnico', '4444444', '777777777', 'pedrog@example.com', 1, 1, 1, 1),
('45678901-2', '45670201-2', 234567890, 'María', 'González', 'Apoderado', NULL, 'Madre', 'Legal', '1970-08-20', 'Avenida Libertad 123', 'San Miguel', 'Profesional', 'Profesional', '6666666', '222222222', 'maria@example.com', 0, 0, 0, 0),
('56789012-3', '567843012-3', 345678901, 'Juan', 'Díaz', 'Apoderado', NULL, 'Padre', 'Legal', '1968-05-10', 'Calle Temuco 321', 'Temuco', 'Universitario', 'Profesional', '7777777', '333333333', 'juan@example.com', 1, 1, 1, 1),
('67890123-4', '67890023-4', 555555555, 'Daniel', 'Rodríguez', 'Apoderado', NULL, 'Padre', 'Legal', '1978-06-20', 'Calle Secundaria 456', 'San Miguel', 'Técnico', 'Operario', '7777777', '444444444', 'daniel@example.com', 1, 1, 1, 1),
('78901234-5', '78901334-5', 666666666, 'Laura', 'Pérez', 'Apoderado', NULL, 'Madre', 'Legal', '1980-02-15', 'Avenida Principal 789', 'Los Ángeles', 'Profesional', 'Ingeniero', '8888888', '555555555', 'laura@example.com', 0, 0, 0, 0),
('89012345-6', '89012375-6', 777777777, 'Carlos', 'García', 'Apoderado', NULL, 'Padre', 'Legal', '1975-11-10', 'Calle Temuco 123', 'Temuco', 'Técnico', 'Mecánico', '9999999', '666666666', 'carlos@example.com', 1, 1, 1, 1),
('90123456-7', '90123459-7', 101010101, 'Ana', 'Fernández', 'Apoderado', NULL, 'Madre', 'Legal', '1982-05-10', 'Avenida Central 123', 'Viña del Mar', 'Profesional', 'Ingeniera', '10101010', '111111111', 'ana@example.com', 0, 0, 0, 0),
('01234560-8', '01234568-8', 111111111, 'David', 'Martínez', 'Apoderado', NULL, 'Padre', 'Legal', '1980-03-15', 'Calle Principal 456', 'La Serena', 'Técnico', 'Mecánico', '13131313', '141414141', 'david@example.com', 1, 1, 1, 1),
('12345677-0', '12345570-0', 121212121, 'María', 'López', 'Apoderado', NULL, 'Madre', 'Legal', '1985-07-20', 'Avenida Secundaria 789', 'Punta Arenas', 'Profesional', 'Psicóloga', '16161616', '171717171', 'maria@example.com', 1, 1, 1, 1),
('34567898-1', '34527890-1', 141414141, 'Pedro', 'González', 'Apoderado', NULL, 'Padre', 'Legal', '1978-06-20', 'Calle 123', 'Santiago', 'Universitario', 'Ingeniero', '19191919', '202020202', 'pedro@example.com', 1, 1, 1, 1),
('45678909-2', '45676901-2', 151515151, 'Ana', 'Hernández', 'Apoderado', NULL, 'Madre', 'Legal', '1980-09-15', 'Avenida Central 456', 'Viña del Mar', 'Profesional', 'Arquitecta', '22222222', '232323232', 'ana@example.com', 1, 1, 1, 1),
('56789010-3', '56749012-3', 161616161, 'Juan', 'Suárez', 'Apoderado', NULL, 'Padre', 'Legal', '1982-12-10', 'Calle Principal 789', 'Temuco', 'Técnico', 'Electricista', '25252525', '262626262', 'juan@example.com', 0, 0, 0, 0),
('67890121-4', '67390124-4', 171717171, 'María', 'Rodríguez', 'Apoderado', NULL, 'Madre', 'Legal', '1985-05-05', 'Avenida Central 789', 'La Serena', 'Universitario', 'Médico', '28282828', '292929292', 'maria@example.com', 1, 1, 1, 1),
('78901238-5', '78901237-5', 181818181, 'David', 'Martínez', 'Apoderado', NULL, 'Padre', 'Legal', '1970-01-01', 'Avenida Central 123', 'Punta Arenas', 'Técnico', 'Mecánico', '31313131', '323232323', 'david@example.com', 1, 1, 1, 1);
-- Inserting data into 'programa_integracion' table
INSERT INTO [dbo].[programa_integracion] ([estudiante_id], [permanencia_pie], [tipo_permanencia], [indicaciones_generales])
VALUES 
('12345688-9', 1, 'psicopedagogia', 'Seguimiento especializado por dificultades de aprendizaje.'),
('67890023-4', 0, NULL, NULL),
('89012375-6', 1, 'integracion_curricular', 'Adaptaciones curriculares para estudiantes con necesidades especiales.');
